TEAM_ID,TEAM_NAME,GP,W,L,W_PCT,MIN,E_OFF_RATING,OFF_RATING,E_DEF_RATING,DEF_RATING,E_NET_RATING,NET_RATING,AST_PCT,AST_TO,AST_RATIO,OREB_PCT,DREB_PCT,REB_PCT,TM_TOV_PCT,EFG_PCT,TS_PCT,E_PACE,PACE,PACE_PER40,POSS,PIE,GP_RANK,W_RANK,L_RANK,W_PCT_RANK,MIN_RANK,OFF_RATING_RANK,DEF_RATING_RANK,NET_RATING_RANK,AST_PCT_RANK,AST_TO_RANK,AST_RATIO_RANK,OREB_PCT_RANK,DREB_PCT_RANK,REB_PCT_RANK,TM_TOV_PCT_RANK,EFG_PCT_RANK,TS_PCT_RANK,PACE_RANK,PIE_RANK
1610612737,Atlanta Hawks,82,13,69,0.159,3971.0,97.9,98.8,108.4,109.0,-10.5,-10.2,0.549,1.22,15.3,0.326,0.696,0.502,0.171,0.464,0.504,93.8,93.09,77.58,7695,0.422,1,30,30,30,11,29,29,30,26,29,26,11,6,14,27,27,28,13,30
1610612738,Boston Celtics,82,45,37,0.549,3976.0,104.8,105.9,103.3,105.1,1.5,0.8,0.594,1.4,16.9,0.305,0.671,0.494,0.165,0.501,0.551,95.9,94.61,78.84,7839,0.505,1,11,11,11,10,9,15,14,17,21,13,22,24,21,24,3,3,6,13
1610612766,Charlotte Bobcats,82,18,64,0.22,3976.0,98.0,99.8,104.7,106.0,-6.8,-6.2,0.606,1.51,16.5,0.327,0.676,0.492,0.154,0.455,0.497,95.0,93.54,77.95,7743,0.46,1,28,28,28,8,28,21,28,13,14,18,10,20,24,15,29,29,11,28
1610612741,Chicago Bulls,82,47,35,0.573,3966.0,98.5,100.5,97.5,99.1,1.0,1.4,0.612,1.27,16.4,0.317,0.691,0.506,0.178,0.471,0.517,95.1,93.41,77.84,7707,0.498,1,10,10,10,16,26,2,12,11,27,20,17,9,11,30,24,25,12,16
1610612739,Cleveland Cavaliers,82,42,40,0.512,3971.0,103.2,105.3,102.5,104.7,0.7,0.6,0.619,1.62,17.3,0.354,0.674,0.51,0.152,0.47,0.518,92.6,90.72,75.6,7516,0.51,1,17,17,17,11,12,13,15,9,5,7,2,22,6,12,25,24,19,12
1610612742,Dallas Mavericks,82,58,24,0.707,3946.0,107.5,108.5,101.0,102.6,6.4,5.9,0.526,1.46,15.3,0.319,0.674,0.5,0.142,0.492,0.545,95.3,94.18,78.48,7749,0.537,1,4,4,4,27,5,9,4,28,16,25,16,23,15,5,8,5,9,5
1610612743,Denver Nuggets,82,49,33,0.598,3951.0,103.4,104.7,100.7,102.6,2.7,2.2,0.645,1.6,18.0,0.313,0.678,0.497,0.157,0.483,0.535,96.1,94.68,78.9,7792,0.531,1,9,9,9,24,14,10,10,3,6,3,20,19,17,18,15,10,5,6
1610612765,Detroit Pistons,82,54,28,0.659,3991.0,102.8,103.9,97.9,99.6,4.8,4.3,0.627,1.58,17.2,0.34,0.693,0.518,0.154,0.472,0.519,89.8,88.59,73.82,7364,0.542,1,5,5,5,3,18,3,5,7,8,8,4,8,2,14,23,23,30,4
1610612744,Golden State Warriors,82,34,48,0.415,3981.0,101.9,103.4,104.0,105.5,-2.0,-2.2,0.598,1.63,16.6,0.303,0.666,0.477,0.142,0.475,0.512,95.8,94.45,78.71,7830,0.473,1,21,21,21,5,22,16,21,15,4,15,24,27,29,4,21,26,8,26
1610612745,Houston Rockets,82,51,31,0.622,3971.0,103.2,104.4,98.9,100.1,4.3,4.3,0.609,1.53,16.9,0.301,0.713,0.512,0.152,0.486,0.534,91.3,90.18,75.15,7467,0.527,1,7,7,7,11,16,4,6,12,11,14,25,1,5,13,11,11,23,7
1610612754,Indiana Pacers,82,44,38,0.537,3981.0,102.4,103.7,101.9,102.7,0.5,1.0,0.558,1.27,15.1,0.296,0.687,0.494,0.16,0.476,0.534,89.6,88.71,73.92,7351,0.504,1,14,14,14,7,20,11,13,25,28,27,28,10,22,21,18,13,29,14
1610612746,Los Angeles Clippers,82,37,45,0.451,4006.0,102.2,103.8,103.4,104.5,-1.2,-0.8,0.65,1.47,17.9,0.338,0.687,0.518,0.171,0.477,0.533,91.8,90.66,75.55,7564,0.518,1,19,19,19,1,19,12,18,1,15,4,6,12,3,26,17,15,20,10
1610612747,Los Angeles Lakers,82,34,48,0.415,3956.0,104.9,106.4,108.0,109.6,-3.1,-3.2,0.578,1.42,15.9,0.324,0.68,0.503,0.155,0.485,0.535,93.7,92.34,76.95,7610,0.468,1,21,21,21,19,7,30,25,21,18,22,12,18,13,16,12,9,14,27
1610612763,Memphis Grizzlies,82,45,37,0.549,3941.0,102.5,104.2,99.9,101.5,2.7,2.7,0.612,1.43,16.9,0.308,0.663,0.487,0.163,0.489,0.535,91.1,89.65,74.71,7355,0.515,1,11,11,11,29,17,5,7,10,17,12,21,28,28,22,9,8,26,11
1610612748,Miami Heat,82,59,23,0.72,3996.0,108.2,108.9,99.8,102.2,8.4,6.7,0.578,1.59,17.1,0.297,0.698,0.508,0.147,0.524,0.559,93.1,91.73,76.44,7647,0.556,1,2,2,2,2,3,7,3,20,7,10,27,4,8,7,2,2,17,2
1610612749,Milwaukee Bucks,82,30,52,0.366,3956.0,103.4,105.1,106.7,108.1,-3.3,-3.0,0.58,1.52,16.4,0.322,0.687,0.503,0.149,0.475,0.527,93.5,92.14,76.78,7584,0.478,1,25,25,25,19,13,28,24,19,13,19,13,11,12,8,19,19,15,22
1610612750,Minnesota Timberwolves,82,44,38,0.537,3951.0,104.9,106.6,103.7,105.0,1.2,1.6,0.63,1.78,18.3,0.321,0.682,0.508,0.145,0.489,0.534,91.7,90.39,75.33,7440,0.518,1,14,14,14,24,6,14,11,6,2,1,14,14,9,6,10,14,22,9
1610612751,New Jersey Nets,82,42,40,0.512,3981.0,98.3,99.9,100.4,101.6,-2.1,-1.7,0.644,1.52,17.1,0.298,0.701,0.495,0.155,0.463,0.512,91.7,90.41,75.34,7501,0.49,1,17,17,17,5,27,6,19,4,12,9,26,3,20,17,28,27,21,18
1610612740,New Orleans Hornets,82,18,64,0.22,3986.0,95.9,98.2,105.1,105.9,-9.1,-7.7,0.634,1.42,16.6,0.329,0.675,0.494,0.165,0.446,0.493,90.4,88.97,74.14,7382,0.437,1,28,28,28,4,30,20,29,5,19,16,8,21,23,23,30,30,28,29
1610612752,New York Knicks,82,33,49,0.402,3976.0,103.0,104.5,106.5,107.2,-3.5,-2.7,0.559,1.38,15.9,0.316,0.686,0.498,0.158,0.485,0.531,93.1,92.12,76.77,7634,0.475,1,23,23,23,8,15,25,23,24,22,23,18,13,16,19,13,16,16,24
1610612753,Orlando Magic,82,36,46,0.439,3941.0,102.1,103.4,104.2,105.7,-2.1,-2.3,0.522,1.2,14.8,0.328,0.682,0.507,0.168,0.478,0.529,97.4,96.15,80.12,7891,0.489,1,20,20,20,29,21,17,22,29,30,28,9,15,10,25,16,17,3,19
1610612755,Philadelphia 76ers,82,43,39,0.524,3971.0,100.8,101.8,101.5,102.5,-0.7,-0.7,0.58,1.34,15.9,0.281,0.703,0.491,0.16,0.475,0.528,97.5,96.56,80.47,7985,0.493,1,16,16,16,11,25,8,17,18,23,24,29,2,26,20,20,18,2,17
1610612756,Phoenix Suns,82,62,20,0.756,3956.0,111.9,112.7,103.7,105.7,8.2,7.0,0.575,1.71,17.4,0.304,0.656,0.49,0.14,0.534,0.571,98.6,97.35,81.13,8034,0.546,1,1,1,1,19,1,18,2,22,3,6,23,29,27,2,1,1,1,3
1610612757,Portland Trail Blazers,82,27,55,0.329,3946.0,100.1,101.9,104.5,106.1,-4.4,-4.3,0.595,1.32,16.6,0.331,0.65,0.496,0.175,0.484,0.524,92.6,91.05,75.87,7481,0.475,1,26,26,26,27,24,22,26,16,26,17,7,30,19,29,14,20,18,25
1610612758,Sacramento Kings,82,50,32,0.61,3971.0,107.5,108.8,105.0,106.5,2.5,2.3,0.626,1.87,18.2,0.315,0.667,0.491,0.137,0.496,0.541,95.7,94.52,78.77,7819,0.522,1,8,8,8,11,4,23,9,8,1,2,19,26,25,1,4,6,7,8
1610612759,San Antonio Spurs,82,59,23,0.72,3961.0,104.9,106.1,95.8,97.8,9.1,8.3,0.606,1.57,17.1,0.321,0.697,0.51,0.151,0.492,0.534,91.4,89.96,74.97,7435,0.565,1,2,2,2,17,8,1,1,14,9,11,15,5,7,11,6,12,25,1
1610612760,Seattle SuperSonics,82,52,30,0.634,3951.0,108.1,110.3,106.1,108.0,2.0,2.3,0.516,1.34,14.7,0.357,0.681,0.517,0.151,0.495,0.546,91.0,89.24,74.37,7353,0.504,1,6,6,6,24,2,27,8,30,24,29,1,17,4,10,5,4,27,15
1610612761,Toronto Raptors,82,33,49,0.402,3961.0,104.5,105.4,105.9,107.2,-1.3,-1.8,0.566,1.54,16.0,0.269,0.682,0.473,0.14,0.492,0.539,95.0,94.01,78.34,7762,0.479,1,23,23,23,17,11,24,20,23,10,21,30,16,30,3,7,7,10,21
1610612762,Utah Jazz,82,26,56,0.317,3956.0,101.1,102.9,107.0,107.3,-5.9,-4.4,0.646,1.41,17.4,0.351,0.695,0.518,0.174,0.469,0.522,91.0,90.02,75.02,7409,0.475,1,27,27,27,19,23,26,27,2,20,5,3,7,1,28,26,22,24,23
1610612764,Washington Wizards,82,45,37,0.549,3956.0,104.0,105.4,104.2,105.9,-0.2,-0.4,0.527,1.33,14.6,0.338,0.667,0.497,0.15,0.474,0.523,96.2,94.8,79.0,7816,0.485,1,11,11,11,19,10,19,16,27,25,30,5,25,18,9,22,21,4,20
